st,over30,stays,closures,clos_per_100k,nonexp
AL,0.16322408466923793,218828.0,8.0,3.655839289304842,True
AK,0.27791437662713336,13828.0,1.0,7.231703789412785,False
AZ,0.11823293974848469,260342.0,3.0,1.1523303961711902,False
AR,0.23114620435137107,116515.0,0.0,0.0,False
CA,0.047911401582632476,1158576.0,5.0,0.4315642650978443,False
CO,0.08072290774333016,148954.0,0.0,0.0,False
CT,0.004247648019829868,88755.0,0.0,0.0,False
DE,0.07452863060900539,25829.0,0.0,0.0,False
FL,0.04184909645344629,1179906.0,5.0,0.4237625709166662,True
GA,0.10666165257277446,404194.0,8.0,1.9792475890290306,True
HI,0.054848966613672494,42772.0,0.0,0.0,False
ID,0.1520574468485065,53197.0,0.0,0.0,False
IL,0.05172846874328074,497637.0,3.0,0.6028490646796761,False
IN,0.09519631918292604,261029.0,3.0,1.1492975876243636,False
IA,0.1741242259402977,111587.0,2.0,1.7923234785414073,False
KS,0.1270779169621051,101544.0,8.0,7.878358150161507,True
KY,0.12404557118792604,190559.0,3.0,1.5743155663075479,False
LA,0.1272888379244742,191855.0,2.0,1.042453936566678,False
ME,0.16637081582379365,55208.0,4.0,7.245326764237068,False
MD,0.024542723336573296,181072.0,1.0,0.5522665017230715,False
MA,0.037660377612176096,297501.0,0.0,0.0,False
MI,0.08485804559198971,441832.0,4.0,0.9053214796574263,False
MN,0.15256799829477577,201733.0,4.0,1.982818874452866,False
MS,0.2651382692624333,127541.0,4.0,3.136246383515889,True
MO,0.14182341328630638,280123.0,10.0,3.5698603827604303,False
MT,0.25539340101522845,31520.0,0.0,0.0,False
NE,0.10298189384659272,59593.0,2.0,3.35609887067273,False
NV,0.06780253172784738,123078.0,1.0,0.8124928906872065,False
NH,0.0859701369069777,48354.0,0.0,0.0,False
NJ,0.025875102462126962,329390.0,0.0,0.0,False
NM,0.26807901517320354,69860.0,1.0,1.43143429716576,False
NY,0.040425430752294114,820251.0,3.0,0.36574170589246463,False
NC,0.13346548545510906,367758.0,8.0,2.1753435683248226,False
ND,0.2290097436251814,14471.0,0.0,0.0,False
OH,0.06459450136580182,536315.0,3.0,0.5593727566821737,False
OK,0.1913475528785366,157389.0,8.0,5.08294734701917,False
OR,0.12906776695631889,137176.0,0.0,0.0,False
PA,0.04530643059014828,619912.0,6.0,0.9678793119023346,False
RI,0.021457100376082328,34301.0,0.0,0.0,False
SC,0.07888199829220538,231878.0,4.0,1.72504506680237,True
SD,0.24500224979109084,31114.0,1.0,3.2139872726104004,False
TN,0.14709360471402314,295968.0,14.0,4.7302411071467185,True
TX,0.12441408589139476,968572.0,22.0,2.271385090628265,True
UT,0.08083766442634885,59069.0,0.0,0.0,False
VT,0.10995376521230801,18817.0,0.0,0.0,False
VA,0.07876895262357726,316381.0,1.0,0.3160746062500593,False
WA,0.08060901013528597,223970.0,0.0,0.0,False
WV,0.1284529640080871,92493.0,1.0,1.0811628988139643,False
WI,0.14471636423776468,235813.0,1.0,0.42406483103136805,True
WY,0.3614898363906792,16136.0,0.0,0.0,True
